"MEP Id","Lastname","Firstname","Name","Member State","Group"
"1","ŠŤASTNÝ","Peter","Peter ŠŤASTNÝ","Slovakia","EPP"
"2","ŠADURSKIS","Kārlis","Kārlis ŠADURSKIS","Latvia","EPP"
"3","ŠUICA","Dubravka","Dubravka ŠUICA","Croatia","EPP"
"4","ŢICĂU","Silvia-Adriana","Silvia-Adriana ŢICĂU","Romania","S&D"
"5","ÁDER","János","János ÁDER","Hungary","EPP"
"6","ŐRY","Csaba","Csaba ŐRY","Hungary","EPP"
"7","ŁUKACIJEWSKA","Elżbieta Katarzyna","Elżbieta Katarzyna ŁUKACIJEWSKA","Poland","EPP"
"8","ŽDANOKA","Tatjana","Tatjana ŽDANOKA","Latvia","Greens/EFA"
"9","ABAD","Damien","Damien ABAD","France","EPP"
"10","ABELA BALDACCHINO","Claudette","Claudette ABELA BALDACCHINO","Malta","S&D"
"11","AGNEW","John Stuart","John Stuart AGNEW","United Kingdom","EFD"
"12","ALBERTINI","Gabriele","Gabriele ALBERTINI","Italy","EPP"
"13","ALBRECHT","Jan Philipp","Jan Philipp ALBRECHT","Germany","Greens/EFA"
"14","ALFANO","Sonia","Sonia ALFANO","Italy","ALDE/ADLE"
"15","ALFONSI","François","François ALFONSI","France","Greens/EFA"
"16","ALLAM","Magdi Cristiano","Magdi Cristiano ALLAM","Italy","EFD"
"17","ALVAREZ","Magdalena","Magdalena ALVAREZ","Spain","S&D"
"18","ALVARO","Alexander","Alexander ALVARO","Germany","ALDE/ADLE"
"19","ALVES","Luís Paulo","Luís Paulo ALVES","Portugal","S&D"
"20","ANDERSDOTTER","Amelia","Amelia ANDERSDOTTER","Sweden","Greens/EFA"
"21","ANDERSON","Martina","Martina ANDERSON","United Kingdom","GUE-NGL"
"22","ANDRÉS BAREA","Josefa","Josefa ANDRÉS BAREA","Spain","S&D"
"23","ANDREASEN","Marta","Marta ANDREASEN","United Kingdom","ECR"
"24","ANDRIEU","Eric","Eric ANDRIEU","France","S&D"
"25","ANDRIKIENĖ","Laima Liucija","Laima Liucija ANDRIKIENĖ","Lithuania","EPP"
"26","ANGELILLI","Roberta","Roberta ANGELILLI","Italy","EPP"
"27","ANGOURAKIS","Charalampos","Charalampos ANGOURAKIS","Greece","GUE-NGL"
"28","ANTINORO","Antonello","Antonello ANTINORO","Italy","EPP"
"29","ANTONESCU","Elena Oana","Elena Oana ANTONESCU","Romania","EPP"
"30","ANTONIOZZI","Alfredo","Alfredo ANTONIOZZI","Italy","EPP"
"31","ČEŠKOVÁ","Andrea","Andrea ČEŠKOVÁ","Czech Republic","ECR"
"32","ARIAS ECHEVERRÍA","Pablo","Pablo ARIAS ECHEVERRÍA","Spain","EPP"
"33","ARIF","Kader","Kader ARIF","France","S&D"
"34","ARLACCHI","Pino","Pino ARLACCHI","Italy","S&D"
"35","ARSENIS","Kriton","Kriton ARSENIS","Greece","S&D"
"36","ASHWORTH","Richard","Richard ASHWORTH","United Kingdom","ECR"
"37","ATKINS","Sir Robert","Sir Robert ATKINS","United Kingdom","ECR"
"38","ATTARD-MONTALTO","John","John ATTARD-MONTALTO","Malta","S&D"
"39","AUCONIE","Sophie","Sophie AUCONIE","France","EPP"
"40","AUDY","Jean-Pierre","Jean-Pierre AUDY","France","EPP"
"41","AUKEN","Margrete","Margrete AUKEN","Denmark","Greens/EFA"
"42","AYALA SENDER","Inés","Inés AYALA SENDER","Spain","S&D"
"43","AYLWARD","Liam","Liam AYLWARD","Ireland","ALDE/ADLE"
"44","AYUSO","Pilar","Pilar AYUSO","Spain","EPP"
"45","BÖGE","Reimer","Reimer BÖGE","Germany","EPP"
"46","BŘEZINA","Jan","Jan BŘEZINA","Czech Republic","EPP"
"47","BĂSESCU","Elena","Elena BĂSESCU","Romania","EPP"
"48","BÉCHU","Christophe","Christophe BÉCHU","France","EPP"
"49","BÉLIER","Sandrine","Sandrine BÉLIER","France","Greens/EFA"
"50","BÁNKI","Erik","Erik BÁNKI","Hungary","EPP"
"51","BAALEN","Johannes Cornelis van","Johannes Cornelis van BAALEN","Netherlands","ALDE/ADLE"
"52","BACH","Georges","Georges BACH","Luxembourg","EPP"
"53","BADIA CUTCHET","Maria i","Maria BADIA i CUTCHET","Spain","S&D"
"54","BAGÓ","Zoltán","Zoltán BAGÓ","Hungary","EPP"
"55","BALČYTIS","Zigmantas","Zigmantas BALČYTIS","Lithuania","S&D"
"56","BALCZÓ","Zoltán","Zoltán BALCZÓ","Hungary","NI"
"57","BALDASSARRE","Raffaele","Raffaele BALDASSARRE","Italy","EPP"
"58","BALDINI","Marino","Marino BALDINI","Croatia","S&D"
"59","BALZ","Burkhard","Burkhard BALZ","Germany","EPP"
"60","BALZANI","Francesca","Francesca BALZANI","Italy","S&D"
"61","BARNIER","Michel","Michel BARNIER","France","EPP"
"62","BARRACCIU","Francesca","Francesca BARRACCIU","Italy","S&D"
"63","BARTOLOZZI","Paolo","Paolo BARTOLOZZI","Italy","EPP"
"64","BASTOS","Regina","Regina BASTOS","Portugal","EPP"
"65","BATTEN","Gerard","Gerard BATTEN","United Kingdom","EFD"
"66","BAUDIS","Dominique","Dominique BAUDIS","France","EPP"
"67","BAUER","Edit","Edit BAUER","Slovakia","EPP"
"68","BEARDER","Catherine","Catherine BEARDER","United Kingdom","ALDE/ADLE"
"69","BECALI","George","George BECALI","Romania","NI"
"70","BECKER","Heinz K.","Heinz K. BECKER","Austria","EPP"
"71","BELDER","Bastiaan","Bastiaan BELDER","Netherlands","EFD"
"72","BELET","Ivo","Ivo BELET","Belgium","EPP"
"73","BENARAB-ATTOU","Malika","Malika BENARAB-ATTOU","France","Greens/EFA"
"74","BENDTSEN","Bendt","Bendt BENDTSEN","Denmark","EPP"
"75","BENNAHMIAS","Jean-Luc","Jean-Luc BENNAHMIAS","France","ALDE/ADLE"
"76","BENNION","Phil","Phil BENNION","United Kingdom","ALDE/ADLE"
"77","BERÈS","Pervenche","Pervenche BERÈS","France","S&D"
"78","BERLATO","Sergio","Sergio BERLATO","Italy","EPP"
"79","BERLINGUER","Luigi","Luigi BERLINGUER","Italy","S&D"
"80","BERMAN","Thijs","Thijs BERMAN","Netherlands","S&D"
"81","BERRA","Nora","Nora BERRA","France","EPP"
"82","BERTOT","Fabrizio","Fabrizio BERTOT","Italy","EPP"
"83","BESSET","Jean-Paul","Jean-Paul BESSET","France","Greens/EFA"
"84","BICEP","Jean-Jacob","Jean-Jacob BICEP","France","Greens/EFA"
"85","BIELAN","Adam","Adam BIELAN","Poland","ECR"
"86","BILBAO BARANDICA","Izaskun","Izaskun BILBAO BARANDICA","Spain","ALDE/ADLE"
"87","BINEV","Slavi","Slavi BINEV","Bulgaria","EFD"
"88","BISKY","Lothar","Lothar BISKY","Germany","GUE-NGL"
"89","BIZZOTTO","Mara","Mara BIZZOTTO","Italy","EFD"
"90","BLINKEVIČIŪTĖ","Vilija","Vilija BLINKEVIČIŪTĖ","Lithuania","S&D"
"91","BLOOM","Godfrey","Godfrey BLOOM","United Kingdom","EFD"
"92","BODU","Sebastian Valentin","Sebastian Valentin BODU","Romania","EPP"
"93","BOKROS","Lajos","Lajos BOKROS","Hungary","ECR"
"94","BONANINI","Franco","Franco BONANINI","Italy","NI"
"95","BONSIGNORE","Vito","Vito BONSIGNORE","Italy","EPP"
"96","BONTES","Louis","Louis BONTES","Netherlands","NI"
"97","BORGHEZIO","Mario","Mario BORGHEZIO","Italy","NI"
"98","BORISSOV","Preslav","Preslav BORISSOV","Bulgaria","EPP"
"99","BORSELLINO","Rita","Rita BORSELLINO","Italy","S&D"
"100","BORYS","Piotr","Piotr BORYS","Poland","EPP"
"101","BORZAN","Biljana","Biljana BORZAN","Croatia","S&D"
"102","BOULLAND","Philippe","Philippe BOULLAND","France","EPP"
"103","BOVÉ","José","José BOVÉ","France","Greens/EFA"
"104","BOWLES","Sharon","Sharon BOWLES","United Kingdom","ALDE/ADLE"
"105","BOZKURT","Emine","Emine BOZKURT","Netherlands","S&D"
"106","BRADBOURN","Philip","Philip BRADBOURN","United Kingdom","ECR"
"107","BRANTNER","Franziska Katharina","Franziska Katharina BRANTNER","Germany","Greens/EFA"
"108","BRATKOWSKI","Arkadiusz Tomasz","Arkadiusz Tomasz BRATKOWSKI","Poland","EPP"
"109","BREPOELS","Frieda","Frieda BREPOELS","Belgium","Greens/EFA"
"110","BROK","Elmar","Elmar BROK","Germany","EPP"
"111","BRONS","Andrew Henry William","Andrew Henry William BRONS","United Kingdom","NI"
"112","BRZOBOHATÁ","Zuzana","Zuzana BRZOBOHATÁ","Czech Republic","S&D"
"113","BUŠIĆ","Zdravka","Zdravka BUŠIĆ","Croatia","EPP"
"114","BUFTON","John","John BUFTON","United Kingdom","EFD"
"115","BULLMANN","Udo","Udo BULLMANN","Germany","S&D"
"116","BUSUTTIL","Simon","Simon BUSUTTIL","Malta","EPP"
"117","BUZEK","Jerzy","Jerzy BUZEK","Poland","EPP"
"118","CABRNOCH","Milan","Milan CABRNOCH","Czech Republic","ECR"
"119","CADEC","Alain","Alain CADEC","France","EPP"
"120","CALLANAN","Martin","Martin CALLANAN","United Kingdom","ECR"
"121","CAMP","Wim van de","Wim van de CAMP","Netherlands","EPP"
"122","CAMPBELL BANNERMAN","David","David CAMPBELL BANNERMAN","United Kingdom","ECR"
"123","CANCIAN","Antonio","Antonio CANCIAN","Italy","EPP"
"124","CANFIN","Pascal","Pascal CANFIN","France","Greens/EFA"
"125","CAPOULAS SANTOS","Luis Manuel","Luis Manuel CAPOULAS SANTOS","Portugal","S&D"
"126","CARONNA","Salvatore","Salvatore CARONNA","Italy","S&D"
"127","CARVALHO","Maria Da Graça","Maria Da Graça CARVALHO","Portugal","EPP"
"128","CASA","David","David CASA","Malta","EPP"
"129","CASHMAN","Michael","Michael CASHMAN","United Kingdom","S&D"
"130","CASINI","Carlo","Carlo CASINI","Italy","EPP"
"131","CASPARY","Daniel","Daniel CASPARY","Germany","EPP"
"132","CASTEX","Françoise","Françoise CASTEX","France","S&D"
"133","CASTILLO VERA","Pilar del","Pilar del CASTILLO VERA","Spain","EPP"
"134","CAVADA","Jean-Marie","Jean-Marie CAVADA","France","EPP"
"135","CERCAS","Alejandro","Alejandro CERCAS","Spain","S&D"
"136","CHATZIMARKAKIS","Jorgo","Jorgo CHATZIMARKAKIS","Germany","ALDE/ADLE"
"137","CHICHESTER","Giles","Giles CHICHESTER","United Kingdom","ECR"
"138","CHILDERS","Nessa","Nessa CHILDERS","Ireland","S&D"
"139","CHOUNTIS","Nikolaos","Nikolaos CHOUNTIS","Greece","GUE-NGL"
"140","CHRISTENSEN","Ole","Ole CHRISTENSEN","Denmark","S&D"
"141","CHRYSOGELOS","Nikos","Nikos CHRYSOGELOS","Greece","Greens/EFA"
"142","CLAEYS","Philip","Philip CLAEYS","Belgium","NI"
"143","CLARK","Derek Roland","Derek Roland CLARK","United Kingdom","EFD"
"144","CLIVETI","Minodora","Minodora CLIVETI","Romania","S&D"
"145","COCHET","Yves","Yves COCHET","France","Greens/EFA"
"146","COELHO","Carlos","Carlos COELHO","Portugal","EPP"
"147","COFFERATI","Sergio Gaetano","Sergio Gaetano COFFERATI","Italy","S&D"
"148","COHN-BENDIT","Daniel","Daniel COHN-BENDIT","France","Greens/EFA"
"149","COLLIN-LANGEN","Birgit","Birgit COLLIN-LANGEN","Germany","EPP"
"150","COLLINO","Giovanni","Giovanni COLLINO","Italy","EPP"
"151","COLMAN","Trevor","Trevor COLMAN","United Kingdom","NI"
"152","COMI","Lara","Lara COMI","Italy","EPP"
"153","CORAZZA BILDT","Anna Maria","Anna Maria CORAZZA BILDT","Sweden","EPP"
"154","CORNELISSEN","Marije","Marije CORNELISSEN","Netherlands","Greens/EFA"
"155","CORREA ZAMORA","María Auxiliadora","María Auxiliadora CORREA ZAMORA","Spain","EPP"
"156","CORREIA DE CAMPOS","António Fernando","António Fernando CORREIA DE CAMPOS","Portugal","S&D"
"157","CORTÉS LASTRA","Ricardo","Ricardo CORTÉS LASTRA","Spain","S&D"
"158","COSTA","Silvia","Silvia COSTA","Italy","S&D"
"159","COSTELLO","Emer","Emer COSTELLO","Ireland","S&D"
"160","COTTIGNY","Jean Louis","Jean Louis COTTIGNY","France","S&D"
"161","COZZOLINO","Andrea","Andrea COZZOLINO","Italy","S&D"
"162","CRAMER","Michael","Michael CRAMER","Germany","Greens/EFA"
"163","CREŢU","Corina","Corina CREŢU","Romania","S&D"
"164","CREUTZMANN","Jürgen","Jürgen CREUTZMANN","Germany","ALDE/ADLE"
"165","CROCETTA","Rosario","Rosario CROCETTA","Italy","S&D"
"166","CRONBERG","Tarja","Tarja CRONBERG","Finland","Greens/EFA"
"167","CROWLEY","Brian","Brian CROWLEY","Ireland","ALDE/ADLE"
"168","CUSCHIERI","Joseph","Joseph CUSCHIERI","Malta","S&D"
"169","CYMAŃSKI","Tadeusz","Tadeusz CYMAŃSKI","Poland","EFD"
"170","CZARNECKI","Ryszard","Ryszard CZARNECKI","Poland","ECR"
"171","DĂNCILĂ","Vasilica Viorica","Vasilica Viorica DĂNCILĂ","Romania","S&D"
"172","DÉSIR","Harlem","Harlem DÉSIR","France","S&D"
"173","DÍAZ DE MERA GARCÍA CONSUEGRA","Agustín","Agustín DÍAZ DE MERA GARCÍA CONSUEGRA","Spain","EPP"
"174","DAERDEN","Frédéric","Frédéric DAERDEN","Belgium","S&D"
"175","DALEN","Peter van","Peter van DALEN","Netherlands","ECR"
"176","DANELLIS","Spyros","Spyros DANELLIS","Greece","S&D"
"177","DANJEAN","Arnaud","Arnaud DANJEAN","France","EPP"
"178","DANTIN","Michel","Michel DANTIN","France","EPP"
"179","DARTMOUTH","William (The Earl of)","William (The Earl of) DARTMOUTH","United Kingdom","EFD"
"180","DATI","Rachida","Rachida DATI","France","EPP"
"181","DAUL","Joseph","Joseph DAUL","France","EPP"
"182","DAVID","Mário","Mário DAVID","Portugal","EPP"
"183","DAVIES","Chris","Chris DAVIES","United Kingdom","ALDE/ADLE"
"184","DE ANGELIS","Francesco","Francesco DE ANGELIS","Italy","S&D"
"185","DE BACKER","Philippe","Philippe DE BACKER","Belgium","ALDE/ADLE"
"186","DE CASTRO","Paolo","Paolo DE CASTRO","Italy","S&D"
"187","DE KEYSER","Véronique","Véronique DE KEYSER","Belgium","S&D"
"188","DE MARTINI","Susy","Susy DE MARTINI","Italy","ECR"
"189","DE MITA","Luigi Ciriaco","Luigi Ciriaco DE MITA","Italy","EPP"
"190","DE ROSSA","Proinsias","Proinsias DE ROSSA","Ireland","S&D"
"191","DE VEYRAC","Christine","Christine DE VEYRAC","France","EPP"
"192","DEHAENE","Jean-Luc","Jean-Luc DEHAENE","Belgium","EPP"
"193","DELLI","Karima","Karima DELLI","France","Greens/EFA"
"194","DELVAUX","Anne","Anne DELVAUX","Belgium","EPP"
"195","DEMESMAEKER","Mark","Mark DEMESMAEKER","Belgium","Greens/EFA"
"196","DESS","Albert","Albert DESS","Germany","EPP"
"197","DEUTSCH","Tamás","Tamás DEUTSCH","Hungary","EPP"
"198","DEVA","Nirj","Nirj DEVA","United Kingdom","ECR"
"199","DODDS","Diane","Diane DODDS","United Kingdom","NI"
"200","DOMENICI","Leonardo","Leonardo DOMENICI","Italy","S&D"
"201","DONSKIS","Leonidas","Leonidas DONSKIS","Lithuania","ALDE/ADLE"
"202","DORFMANN","Herbert","Herbert DORFMANN","Italy","EPP"
"203","DROUTSAS","Dimitrios","Dimitrios DROUTSAS","Greece","S&D"
"204","DUŠEK","Robert","Robert DUŠEK","Czech Republic","S&D"
"205","DUFF","Andrew","Andrew DUFF","United Kingdom","ALDE/ADLE"
"206","DURANT","Isabelle","Isabelle DURANT","Belgium","Greens/EFA"
"207","EHLER","Christian","Christian EHLER","Germany","EPP"
"208","EHRENHAUSER","Martin","Martin EHRENHAUSER","Austria","NI"
"209","EICKHOUT","Bas","Bas EICKHOUT","Netherlands","Greens/EFA"
"210","EK","Lena","Lena EK","Sweden","ALDE/ADLE"
"211","EL KHADRAOUI","Saïd","Saïd EL KHADRAOUI","Belgium","S&D"
"212","ELLES","James","James ELLES","United Kingdom","ECR"
"213","ENCIU","Ioan","Ioan ENCIU","Romania","S&D"
"214","ENGEL","Frank","Frank ENGEL","Luxembourg","EPP"
"215","ENGSTRÖM","Christian","Christian ENGSTRÖM","Sweden","Greens/EFA"
"216","EPPINK","Derk Jan","Derk Jan EPPINK","Belgium","ECR"
"217","ERNST","Cornelia","Cornelia ERNST","Germany","GUE-NGL"
"218","ERTUG","Ismail","Ismail ERTUG","Germany","S&D"
"219","ESSAYAH","Sari","Sari ESSAYAH","Finland","EPP"
"220","ESTARÀS FERRAGUT","Rosa","Rosa ESTARÀS FERRAGUT","Spain","EPP"
"221","ESTRELA","Edite","Edite ESTRELA","Portugal","S&D"
"222","EVANS","Jill","Jill EVANS","United Kingdom","Greens/EFA"
"223","FÄRM","Göran","Göran FÄRM","Sweden","S&D"
"224","FAJMON","Hynek","Hynek FAJMON","Czech Republic","ECR"
"225","FAJON","Tanja","Tanja FAJON","Slovenia","S&D"
"226","FALBR","Richard","Richard FALBR","Czech Republic","S&D"
"227","FARAGE","Nigel","Nigel FARAGE","United Kingdom","EFD"
"228","FEIO","Diogo","Diogo FEIO","Portugal","EPP"
"229","FERBER","Markus","Markus FERBER","Germany","EPP"
"230","FERNANDES","José Manuel","José Manuel FERNANDES","Portugal","EPP"
"231","FERREIRA","Elisa","Elisa FERREIRA","Portugal","S&D"
"232","FERREIRA","João","João FERREIRA","Portugal","GUE-NGL"
"233","FIDANZA","Carlo","Carlo FIDANZA","Italy","EPP"
"234","FIGUEIREDO","Ilda","Ilda FIGUEIREDO","Portugal","GUE-NGL"
"235","FISAS AYXELA","Santiago","Santiago FISAS AYXELA","Spain","EPP"
"236","FJELLNER","Christofer","Christofer FJELLNER","Sweden","EPP"
"237","FLAŠÍKOVÁ BEŇOVÁ","Monika","Monika FLAŠÍKOVÁ BEŇOVÁ","Slovakia","S&D"
"238","FLAUTRE","Hélène","Hélène FLAUTRE","France","Greens/EFA"
"239","FLECKENSTEIN","Knut","Knut FLECKENSTEIN","Germany","S&D"
"240","FLORENZ","Karl-Heinz","Karl-Heinz FLORENZ","Germany","EPP"
"241","FONTANA","Lorenzo","Lorenzo FONTANA","Italy","EFD"
"242","FORD","Vicky","Vicky FORD","United Kingdom","ECR"
"243","FOSTER","Jacqueline","Jacqueline FOSTER","United Kingdom","ECR"
"244","FOX","Ashley","Ashley FOX","United Kingdom","ECR"
"245","FRAGA ESTÉVEZ","Carmen","Carmen FRAGA ESTÉVEZ","Spain","EPP"
"246","FRANCO","Gaston","Gaston FRANCO","France","EPP"
"247","FRIGO","Franco","Franco FRIGO","Italy","S&D"
"248","GÖNCZ","Kinga","Kinga GÖNCZ","Hungary","S&D"
"249","GÁL","Kinga","Kinga GÁL","Hungary","EPP"
"250","GÁLL-PELCZ","Ildikó","Ildikó GÁLL-PELCZ","Hungary","EPP"
"251","GABRIEL","Mariya","Mariya GABRIEL","Bulgaria","EPP"
"252","GAHLER","Michael","Michael GAHLER","Germany","EPP"
"253","GALLAGHER","Pat the Cope","Pat the Cope GALLAGHER","Ireland","ALDE/ADLE"
"254","GALLO","Marielle","Marielle GALLO","France","EPP"
"255","GARCÉS RAMÓN","Vicente Miguel","Vicente Miguel GARCÉS RAMÓN","Spain","S&D"
"256","GARCÍA-HIERRO CARABALLO","Dolores","Dolores GARCÍA-HIERRO CARABALLO","Spain","S&D"
"257","GARCÍA-MARGALLO Y MARFIL","José Manuel","José Manuel GARCÍA-MARGALLO Y MARFIL","Spain","EPP"
"258","GARCÍA PÉREZ","Iratxe","Iratxe GARCÍA PÉREZ","Spain","S&D"
"259","GARDIAZÁBAL RUBIAL","Eider","Eider GARDIAZÁBAL RUBIAL","Spain","S&D"
"260","GARDINI","Elisabetta","Elisabetta GARDINI","Italy","EPP"
"261","GARGANI","Giuseppe","Giuseppe GARGANI","Italy","EPP"
"262","GARRIGA POLLEDO","Salvador","Salvador GARRIGA POLLEDO","Spain","EPP"
"263","GAUZÈS","Jean-Paul","Jean-Paul GAUZÈS","France","EPP"
"264","GEBHARDT","Evelyne","Evelyne GEBHARDT","Germany","S&D"
"265","GEIER","Jens","Jens GEIER","Germany","S&D"
"266","GERBRANDY","Gerben-Jan","Gerben-Jan GERBRANDY","Netherlands","ALDE/ADLE"
"267","GERINGER OEDENBERG","Lidia Joanna de","Lidia Joanna GERINGER de OEDENBERG","Poland","S&D"
"268","GIANNAKOU","Marietta","Marietta GIANNAKOU","Greece","EPP"
"269","GIEGOLD","Sven","Sven GIEGOLD","Germany","Greens/EFA"
"270","GIEREK","Adam","Adam GIEREK","Poland","S&D"
"271","GIRLING","Julie","Julie GIRLING","United Kingdom","ECR"
"272","GLANTE","Norbert","Norbert GLANTE","Germany","S&D"
"273","GLATTFELDER","Béla","Béla GLATTFELDER","Hungary","EPP"
"274","GODMANIS","Ivars","Ivars GODMANIS","Latvia","ALDE/ADLE"
"275","GOEBBELS","Robert","Robert GOEBBELS","Luxembourg","S&D"
"276","GOERENS","Charles","Charles GOERENS","Luxembourg","ALDE/ADLE"
"277","GOLLNISCH","Bruno","Bruno GOLLNISCH","France","NI"
"278","GOMES","Ana","Ana GOMES","Portugal","S&D"
"279","GOULARD","Sylvie","Sylvie GOULARD","France","ALDE/ADLE"
"280","GRÈZE","Catherine","Catherine GRÈZE","France","Greens/EFA"
"281","GRÓBARCZYK","Marek Józef","Marek Józef GRÓBARCZYK","Poland","ECR"
"282","GRÄSSLE","Ingeborg","Ingeborg GRÄSSLE","Germany","EPP"
"283","GRANDES PASCUAL","Luis de","Luis de GRANDES PASCUAL","Spain","EPP"
"284","GRECH","Louis","Louis GRECH","Malta","S&D"
"285","GRELIER","Estelle","Estelle GRELIER","France","S&D"
"286","GRIESBECK","Nathalie","Nathalie GRIESBECK","France","ALDE/ADLE"
"287","GRIFFIN","Nick","Nick GRIFFIN","United Kingdom","NI"
"288","GROOTE","Matthias","Matthias GROOTE","Germany","S&D"
"289","GROSCH","Mathieu","Mathieu GROSCH","Belgium","EPP"
"290","GROSSETÊTE","Françoise","Françoise GROSSETÊTE","France","EPP"
"291","GRUNY","Pascale","Pascale GRUNY","France","EPP"
"292","GRZYB","Andrzej","Andrzej GRZYB","Poland","EPP"
"293","GUALTIERI","Roberto","Roberto GUALTIERI","Italy","S&D"
"294","GUERRERO SALOM","Enrique","Enrique GUERRERO SALOM","Spain","S&D"
"295","GUILLAUME","Sylvie","Sylvie GUILLAUME","France","S&D"
"296","GURMAI","Zita","Zita GURMAI","Hungary","S&D"
"297","GUSTAFSSON","Mikael","Mikael GUSTAFSSON","Sweden","GUE-NGL"
"298","GUTIÉRREZ-CORTINES","Cristina","Cristina GUTIÉRREZ-CORTINES","Spain","EPP"
"299","GUTIÉRREZ PRIETO","Sergio","Sergio GUTIÉRREZ PRIETO","Spain","S&D"
"300","GYŐRI","Enikő","Enikő GYŐRI","Hungary","EPP"
"301","HÖKMARK","Gunnar","Gunnar HÖKMARK","Sweden","EPP"
"302","HÄFNER","Gerald","Gerald HÄFNER","Germany","Greens/EFA"
"303","HÄNDEL","Thomas","Thomas HÄNDEL","Germany","GUE-NGL"
"304","HÄUSLING","Martin","Martin HÄUSLING","Germany","Greens/EFA"
"305","HÉNIN","Jacky","Jacky HÉNIN","France","GUE-NGL"
"306","HADJIGEORGIOU","Takis","Takis HADJIGEORGIOU","Cyprus","GUE-NGL"
"307","HAGLUND","Carl","Carl HAGLUND","Finland","ALDE/ADLE"
"308","HALL","Fiona","Fiona HALL","United Kingdom","ALDE/ADLE"
"309","HANDZLIK","Małgorzata","Małgorzata HANDZLIK","Poland","EPP"
"310","HANKISS","Ágnes","Ágnes HANKISS","Hungary","EPP"
"311","HANNAN","Daniel","Daniel HANNAN","United Kingdom","ECR"
"312","HARBOUR","Malcolm","Malcolm HARBOUR","United Kingdom","ECR"
"313","HARKIN","Marian","Marian HARKIN","Ireland","ALDE/ADLE"
"314","HARMS","Rebecca","Rebecca HARMS","Germany","Greens/EFA"
"315","HARTONG","Lucas","Lucas HARTONG","Netherlands","NI"
"316","HASSI","Satu","Satu HASSI","Finland","Greens/EFA"
"317","HAUG","Jutta","Jutta HAUG","Germany","S&D"
"318","HAUTALA","Heidi","Heidi HAUTALA","Finland","Greens/EFA"
"319","HAVEL","Jiří","Jiří HAVEL","Czech Republic","S&D"
"320","HEDH","Anna","Anna HEDH","Sweden","S&D"
"321","HELLVIG","Eduard-Raul","Eduard-Raul HELLVIG","Romania","ALDE/ADLE"
"322","HELMER","Roger","Roger HELMER","United Kingdom","EFD"
"323","HENNIS-PLASSCHAERT","Jeanine","Jeanine HENNIS-PLASSCHAERT","Netherlands","ALDE/ADLE"
"324","HERCZOG","Edit","Edit HERCZOG","Hungary","S&D"
"325","HERRANZ GARCÍA","Esther","Esther HERRANZ GARCÍA","Spain","EPP"
"326","HIBNER","Jolanta Emilia","Jolanta Emilia HIBNER","Poland","EPP"
"327","HIGGINS","Jim","Jim HIGGINS","Ireland","EPP"
"328","HIGGINS","Joe","Joe HIGGINS","Ireland","GUE-NGL"
"329","HIRSCH","Nadja","Nadja HIRSCH","Germany","ALDE/ADLE"
"330","HOANG NGOC","Liem","Liem HOANG NGOC","France","S&D"
"331","HOARAU","Elie","Elie HOARAU","France","GUE-NGL"
"332","HOHLMEIER","Monika","Monika HOHLMEIER","Germany","EPP"
"333","HONEYBALL","Mary","Mary HONEYBALL","United Kingdom","S&D"
"334","HORTEFEUX","Brice","Brice HORTEFEUX","France","EPP"
"335","HOWITT","Richard","Richard HOWITT","United Kingdom","S&D"
"336","HUDGHTON","Ian","Ian HUDGHTON","United Kingdom","Greens/EFA"
"337","HUGHES","Stephen","Stephen HUGHES","United Kingdom","S&D"
"338","HYUSMENOVA","Filiz Hakaeva","Filiz Hakaeva HYUSMENOVA","Bulgaria","ALDE/ADLE"
"339","IACOLINO","Salvatore","Salvatore IACOLINO","Italy","EPP"
"340","IBRISAGIC","Anna","Anna IBRISAGIC","Sweden","EPP"
"341","ILCHEV","Stanimir","Stanimir ILCHEV","Bulgaria","ALDE/ADLE"
"342","IMBRASAS","Juozas","Juozas IMBRASAS","Lithuania","EFD"
"343","IOTOVA","Iliana Malinova","Iliana Malinova IOTOVA","Bulgaria","S&D"
"344","IOVINE","Vincenzo","Vincenzo IOVINE","Italy","S&D"
"345","IRAZABALBEITIA FERNÁNDEZ","Iñaki","Iñaki IRAZABALBEITIA FERNÁNDEZ","Spain","Greens/EFA"
"346","IRIGOYEN PÉREZ","María","María IRIGOYEN PÉREZ","Spain","S&D"
"347","ITÄLÄ","Ville","Ville ITÄLÄ","Finland","EPP"
"348","ITURGAIZ ANGULO","Carlos José","Carlos José ITURGAIZ ANGULO","Spain","EPP"
"349","IVAN","Cătălin Sorin","Cătălin Sorin IVAN","Romania","S&D"
"350","IVANOVA","Iliana","Iliana IVANOVA","Bulgaria","EPP"
"351","J.A.J. STASSEN","Laurence","Laurence J.A.J. STASSEN","Netherlands","NI"
"352","JĘDRZEJEWSKA","Sidonia Elżbieta","Sidonia Elżbieta JĘDRZEJEWSKA","Poland","EPP"
"353","JØRGENSEN","Dan","Dan JØRGENSEN","Denmark","S&D"
"354","JÄÄTTEENMÄKI","Anneli","Anneli JÄÄTTEENMÄKI","Finland","ALDE/ADLE"
"355","JÁRÓKA","Lívia","Lívia JÁRÓKA","Hungary","EPP"
"356","JÁUREGUI ATONDO","Ramón","Ramón JÁUREGUI ATONDO","Spain","S&D"
"357","JAAKONSAARI","Liisa","Liisa JAAKONSAARI","Finland","S&D"
"358","JADOT","Yannick","Yannick JADOT","France","Greens/EFA"
"359","JAHR","Peter","Peter JAHR","Germany","EPP"
"360","JAZŁOWIECKA","Danuta","Danuta JAZŁOWIECKA","Poland","EPP"
"361","JEGGLE","Elisabeth","Elisabeth JEGGLE","Germany","EPP"
"362","JENSEN","Anne E.","Anne E. JENSEN","Denmark","ALDE/ADLE"
"363","JIMÉNEZ-BECERRIL BARRIO","Teresa","Teresa JIMÉNEZ-BECERRIL BARRIO","Spain","EPP"
"364","JOHANSSON","Kent","Kent JOHANSSON","Sweden","ALDE/ADLE"
"365","JOLY","Eva","Eva JOLY","France","Greens/EFA"
"366","JONG","Cornelis de","Cornelis de JONG","Netherlands","GUE-NGL"
"367","JORDAN","Romana","Romana JORDAN","Slovenia","EPP"
"368","JUNQUERAS VIES","Oriol","Oriol JUNQUERAS VIES","Spain","Greens/EFA"
"369","JUVIN","Philippe","Philippe JUVIN","France","EPP"
"370","KÖSTINGER","Elisabeth","Elisabeth KÖSTINGER","Austria","EPP"
"371","KÓSA","Ádám","Ádám KÓSA","Hungary","EPP"
"372","KACIN","Jelko","Jelko KACIN","Slovenia","ALDE/ADLE"
"373","KACZMAREK","Filip","Filip KACZMAREK","Poland","EPP"
"374","KADENBACH","Karin","Karin KADENBACH","Austria","S&D"
"375","KALFIN","Ivailo","Ivailo KALFIN","Bulgaria","S&D"
"376","KALINOWSKI","Jarosław","Jarosław KALINOWSKI","Poland","EPP"
"377","KALNIETE","Sandra","Sandra KALNIETE","Latvia","EPP"
"378","KAMALL","Syed","Syed KAMALL","United Kingdom","ECR"
"379","KAMIŃSKI","Michał Tomasz","Michał Tomasz KAMIŃSKI","Poland","ECR"
"380","KAMMEN","Patricia van der","Patricia van der KAMMEN","Netherlands","NI"
"381","KAMMEREVERT","Petra","Petra KAMMEREVERT","Germany","S&D"
"382","KARAS","Othmar","Othmar KARAS","Austria","EPP"
"383","KARIŅŠ","Krišjānis","Krišjānis KARIŅŠ","Latvia","EPP"
"384","KARIM","Sajjad","Sajjad KARIM","United Kingdom","ECR"
"385","KASOULIDES","Ioannis","Ioannis KASOULIDES","Cyprus","EPP"
"386","KASTLER","Martin","Martin KASTLER","Germany","EPP"
"387","KAZAK","Metin","Metin KAZAK","Bulgaria","ALDE/ADLE"
"388","KELAM","Tunne","Tunne KELAM","Estonia","EPP"
"389","KELLER","Franziska","Franziska KELLER","Germany","Greens/EFA"
"390","KELLY","Alan","Alan KELLY","Ireland","S&D"
"391","KELLY","Seán","Seán KELLY","Ireland","EPP"
"392","KIIL-NIELSEN","Nicole","Nicole KIIL-NIELSEN","France","Greens/EFA"
"393","KIRILOV","Evgeni","Evgeni KIRILOV","Bulgaria","S&D"
"394","KIRKHOPE","Timothy","Timothy KIRKHOPE","United Kingdom","ECR"
"395","KLASS","Christa","Christa KLASS","Germany","EPP"
"396","KLEVA KEKUŠ","Mojca","Mojca KLEVA KEKUŠ","Slovenia","S&D"
"397","KLINZ","Wolf","Wolf KLINZ","Germany","ALDE/ADLE"
"398","KLUTE","Jürgen","Jürgen KLUTE","Germany","GUE-NGL"
"399","KOŽUŠNÍK","Edvard","Edvard KOŽUŠNÍK","Czech Republic","ECR"
"400","KOCH-MEHRIN","Silvana","Silvana KOCH-MEHRIN","Germany","ALDE/ADLE"
"401","KOCH","Dieter-Lebrecht","Dieter-Lebrecht KOCH","Germany","EPP"
"402","KOHLÍČEK","Jaromír","Jaromír KOHLÍČEK","Czech Republic","GUE-NGL"
"403","KOLARSKA-BOBIŃSKA","Lena","Lena KOLARSKA-BOBIŃSKA","Poland","EPP"
"404","KOPPA","Maria Eleni","Maria Eleni KOPPA","Greece","S&D"
"405","KORHOLA","Eija-Riitta","Eija-Riitta KORHOLA","Finland","EPP"
"406","KOUMOUTSAKOS","Georgios","Georgios KOUMOUTSAKOS","Greece","EPP"
"407","KOVÁCS","Béla","Béla KOVÁCS","Hungary","NI"
"408","KOVATCHEV","Andrey","Andrey KOVATCHEV","Bulgaria","EPP"
"409","KOWAL","Paweł Robert","Paweł Robert KOWAL","Poland","ECR"
"410","KOZŁOWSKI","Jan","Jan KOZŁOWSKI","Poland","EPP"
"411","KOZLÍK","Sergej","Sergej KOZLÍK","Slovakia","ALDE/ADLE"
"412","KRAHMER","Holger","Holger KRAHMER","Germany","ALDE/ADLE"
"413","KRATSA-TSAGAROPOULOU","Rodi","Rodi KRATSA-TSAGAROPOULOU","Greece","EPP"
"414","KREHL","Constanze Angela","Constanze Angela KREHL","Germany","S&D"
"415","KREISSL-DÖRFLER","Wolfgang","Wolfgang KREISSL-DÖRFLER","Germany","S&D"
"416","KUHN","Werner","Werner KUHN","Germany","EPP"
"417","KUKAN","Eduard","Eduard KUKAN","Slovakia","EPP"
"418","KURSKI","Jacek Olgierd","Jacek Olgierd KURSKI","Poland","EFD"
"419","LÖSING","Sabine","Sabine LÖSING","Germany","GUE-NGL"
"420","LÖVIN","Isabella","Isabella LÖVIN","Sweden","Greens/EFA"
"421","LA VIA","Giovanni","Giovanni LA VIA","Italy","EPP"
"422","LØKKEGAARD","Morten","Morten LØKKEGAARD","Denmark","ALDE/ADLE"
"423","LÓPEZ AGUILAR","Juan Fernando","Juan Fernando LÓPEZ AGUILAR","Spain","S&D"
"424","LAMASSOURE","Alain","Alain LAMASSOURE","France","EPP"
"425","LAMBERT","Jean","Jean LAMBERT","United Kingdom","Greens/EFA"
"426","LAMBERTS","Philippe","Philippe LAMBERTS","Belgium","Greens/EFA"
"427","LAMBRINIDIS","Stavros","Stavros LAMBRINIDIS","Greece","S&D"
"428","LAMBSDORFF","Alexander Graf","Alexander Graf LAMBSDORFF","Germany","ALDE/ADLE"
"429","LANDSBERGIS","Vytautas","Vytautas LANDSBERGIS","Lithuania","EPP"
"430","LANGE","Bernd","Bernd LANGE","Germany","S&D"
"431","LANGE","Esther de","Esther de LANGE","Netherlands","EPP"
"432","LANGEN","Werner","Werner LANGEN","Germany","EPP"
"433","LE BRUN","Agnès","Agnès LE BRUN","France","EPP"
"434","LE FOLL","Stéphane","Stéphane LE FOLL","France","S&D"
"435","LE GRIP","Constance","Constance LE GRIP","France","EPP"
"436","LE HYARIC","Patrick","Patrick LE HYARIC","France","GUE-NGL"
"437","LE PEN","Jean-Marie","Jean-Marie LE PEN","France","NI"
"438","LE PEN","Marine","Marine LE PEN","France","NI"
"439","LECHNER","Kurt","Kurt LECHNER","Germany","EPP"
"440","LEGUTKO","Ryszard Antoni","Ryszard Antoni LEGUTKO","Poland","ECR"
"441","LEHNE","Klaus-Heiner","Klaus-Heiner LEHNE","Germany","EPP"
"442","LEICHTFRIED","Jörg","Jörg LEICHTFRIED","Austria","S&D"
"443","LEINEN","Jo","Jo LEINEN","Germany","S&D"
"444","LEPAGE","Corinne","Corinne LEPAGE","France","ALDE/ADLE"
"445","LEWANDOWSKI","Janusz","Janusz LEWANDOWSKI","Poland","EPP"
"446","LIBERADZKI","Bogusław","Bogusław LIBERADZKI","Poland","S&D"
"447","LICHTENBERGER","Eva","Eva LICHTENBERGER","Austria","Greens/EFA"
"448","LIESE","Peter","Peter LIESE","Germany","EPP"
"449","LIOTARD","Kartika Tamara","Kartika Tamara LIOTARD","Netherlands","GUE-NGL"
"450","LISEK","Krzysztof","Krzysztof LISEK","Poland","EPP"
"451","LOCHBIHLER","Barbara","Barbara LOCHBIHLER","Germany","Greens/EFA"
"452","LOPE FONTAGNÉ","Verónica","Verónica LOPE FONTAGNÉ","Spain","EPP"
"453","LUCAS","Caroline","Caroline LUCAS","United Kingdom","Greens/EFA"
"454","LUDFORD","Baroness Sarah","Baroness Sarah LUDFORD","United Kingdom","ALDE/ADLE"
"455","LUDVIGSSON","Olle","Olle LUDVIGSSON","Sweden","S&D"
"456","LUHAN","Petru Constantin","Petru Constantin LUHAN","Romania","EPP"
"457","LULLING","Astrid","Astrid LULLING","Luxembourg","EPP"
"458","LUNACEK","Ulrike","Ulrike LUNACEK","Austria","Greens/EFA"
"459","LYNNE","Elizabeth","Elizabeth LYNNE","United Kingdom","ALDE/ADLE"
"460","LYON","George","George LYON","United Kingdom","ALDE/ADLE"
"461","LYUBCHEVA","Marusya","Marusya LYUBCHEVA","Bulgaria","S&D"
"462","MÖLZER","Andreas","Andreas MÖLZER","Austria","NI"
"463","MĂNESCU","Ramona Nicole","Ramona Nicole MĂNESCU","Romania","ALDE/ADLE"
"464","MÉLENCHON","Jean-Luc","Jean-Luc MÉLENCHON","France","GUE-NGL"
"465","MÉNDEZ DE VIGO","Íñigo","Íñigo MÉNDEZ DE VIGO","Spain","EPP"
"466","MÉSZÁROS","Alajos","Alajos MÉSZÁROS","Slovakia","EPP"
"467","MAŠTÁLKA","Jiří","Jiří MAŠTÁLKA","Czech Republic","GUE-NGL"
"468","MAŇKA","Vladimír","Vladimír MAŇKA","Slovakia","S&D"
"469","MACOVEI","Monica Luisa","Monica Luisa MACOVEI","Romania","EPP"
"470","MADLENER","Barry","Barry MADLENER","Netherlands","NI"
"471","MAGISTRIS","Luigi de","Luigi de MAGISTRIS","Italy","ALDE/ADLE"
"472","MALETIĆ","Ivana","Ivana MALETIĆ","Croatia","EPP"
"473","MALINOV","Svetoslav Hristov","Svetoslav Hristov MALINOV","Bulgaria","EPP"
"474","MANDERS","Toine","Toine MANDERS","Netherlands","ALDE/ADLE"
"475","MANN","Thomas","Thomas MANN","Germany","EPP"
"476","MARCINKIEWICZ","Bogdan Kazimierz","Bogdan Kazimierz MARCINKIEWICZ","Poland","EPP"
"477","MARINESCU","Marian-Jean","Marian-Jean MARINESCU","Romania","EPP"
"478","MARTÍNEZ MARTÍNEZ","Miguel Angel","Miguel Angel MARTÍNEZ MARTÍNEZ","Spain","S&D"
"479","MARTIN","David","David MARTIN","United Kingdom","S&D"
"480","MARTIN","Hans-Peter","Hans-Peter MARTIN","Austria","NI"
"481","MASIP HIDALGO","Antonio","Antonio MASIP HIDALGO","Spain","S&D"
"482","MASTELLA","Clemente","Clemente MASTELLA","Italy","EPP"
"483","MATERA","Barbara","Barbara MATERA","Italy","EPP"
"484","MATHIEU HOUILLON","Véronique","Véronique MATHIEU HOUILLON","France","EPP"
"485","MATIAS","Marisa","Marisa MATIAS","Portugal","GUE-NGL"
"486","MATO ADROVER","Gabriel","Gabriel MATO ADROVER","Spain","EPP"
"487","MATULA","Iosif","Iosif MATULA","Romania","EPP"
"488","MAURO","Mario","Mario MAURO","Italy","EPP"
"489","MAVRONIKOLAS","Kyriakos","Kyriakos MAVRONIKOLAS","Cyprus","S&D"
"490","MAYER","Hans-Peter","Hans-Peter MAYER","Germany","EPP"
"491","MAYOR OREJA","Jaime","Jaime MAYOR OREJA","Spain","EPP"
"492","MAZEJ KUKOVIČ","Zofija","Zofija MAZEJ KUKOVIČ","Slovenia","EPP"
"493","MAZZONI","Erminia","Erminia MAZZONI","Italy","EPP"
"494","MEISSNER","Gesine","Gesine MEISSNER","Germany","ALDE/ADLE"
"495","MELO","Nuno","Nuno MELO","Portugal","EPP"
"496","MENÉNDEZ VALLE","Emilio del","Emilio MENÉNDEZ del VALLE","Spain","S&D"
"497","MERKIES","Judith A.","Judith A. MERKIES","Netherlands","S&D"
"498","MESSERSCHMIDT","Morten","Morten MESSERSCHMIDT","Denmark","EFD"
"499","METSOLA","Roberta","Roberta METSOLA","Malta","EPP"
"500","MEYER","Willy","Willy MEYER","Spain","GUE-NGL"
"501","MICHEL","Louis","Louis MICHEL","Belgium","ALDE/ADLE"
"502","MICHELS","Martina","Martina MICHELS","Germany","GUE-NGL"
"503","MIGALSKI","Marek Henryk","Marek Henryk MIGALSKI","Poland","ECR"
"504","MIKOLÁŠIK","Miroslav","Miroslav MIKOLÁŠIK","Slovakia","EPP"
"505","MILANA","Guido","Guido MILANA","Italy","S&D"
"506","MILLÁN MON","Francisco José","Francisco José MILLÁN MON","Spain","EPP"
"507","MIRANDA","Ana","Ana MIRANDA","Spain","Greens/EFA"
"508","MIRSKY","Alexander","Alexander MIRSKY","Latvia","S&D"
"509","MITCHELL","Gay","Gay MITCHELL","Ireland","EPP"
"510","MIZZI","Marlene","Marlene MIZZI","Malta","S&D"
"511","MORAES","Claude","Claude MORAES","United Kingdom","S&D"
"512","MOREIRA","Vital","Vital MOREIRA","Portugal","S&D"
"513","MORGANTI","Claudio","Claudio MORGANTI","Italy","EFD"
"514","MORIN-CHARTIER","Elisabeth","Elisabeth MORIN-CHARTIER","France","EPP"
"515","MORKŪNAITĖ-MIKULĖNIENĖ","Radvilė","Radvilė MORKŪNAITĖ-MIKULĖNIENĖ","Lithuania","EPP"
"516","MORVAI","Krisztina","Krisztina MORVAI","Hungary","NI"
"517","MOTTI","Tiziano","Tiziano MOTTI","Italy","EPP"
"518","MUÑIZ DE URQUIZA","María","María MUÑIZ DE URQUIZA","Spain","S&D"
"519","MULDER","Jan","Jan MULDER","Netherlands","ALDE/ADLE"
"520","MURPHY","Paul","Paul MURPHY","Ireland","GUE-NGL"
"521","MUSCARDINI","Cristiana","Cristiana MUSCARDINI","Italy","ECR"
"522","MYNÁŘ","Vojtěch","Vojtěch MYNÁŘ","Czech Republic","S&D"
"523",NA,"András GYÜRK","András GYÜRK","Hungary","EPP"
"524",NA,"Anthea McINTYRE","Anthea McINTYRE","United Kingdom","ECR"
"525",NA,"Arlene McCARTHY","Arlene McCARTHY","United Kingdom","S&D"
"526",NA,"Bairbre de BRÚN","Bairbre de BRÚN","United Kingdom","GUE-NGL"
"527",NA,"Cristian Silviu BUŞOI","Cristian Silviu BUŞOI","Romania","ALDE/ADLE"
"528",NA,"Danuta Maria HÜBNER","Danuta Maria HÜBNER","Poland","EPP"
"529",NA,"Edward McMILLAN-SCOTT","Edward McMILLAN-SCOTT","United Kingdom","ALDE/ADLE"
"530",NA,"Emma McCLARKIN","Emma McCLARKIN","United Kingdom","ECR"
"531",NA,"George Sabin CUTAŞ","George Sabin CUTAŞ","Romania","S&D"
"532",NA,"Heide RÜHLE","Heide RÜHLE","Germany","Greens/EFA"
"533",NA,"Helga TRÜPEL","Helga TRÜPEL","Germany","Greens/EFA"
"534",NA,"Ioan Mircea PAŞCU","Ioan Mircea PAŞCU","Romania","S&D"
"535",NA,"Linda McAVAN","Linda McAVAN","United Kingdom","S&D"
"536",NA,"Mairead McGUINNESS","Mairead McGUINNESS","Ireland","EPP"
"537",NA,"Paul RÜBIG","Paul RÜBIG","Austria","EPP"
"538",NA,"Reinhard BÜTIKOFER","Reinhard BÜTIKOFER","Germany","Greens/EFA"
"539",NA,"Victor BOŞTINARU","Victor BOŞTINARU","Romania","S&D"
"540","NARANJO ESCOBAR","Juan Andrés","Juan Andrés NARANJO ESCOBAR","Spain","EPP"
"541","NATTRASS","Mike","Mike NATTRASS","United Kingdom","EFD"
"542","NEUSER","Norbert","Norbert NEUSER","Germany","S&D"
"543","NEVEĎALOVÁ","Katarína","Katarína NEVEĎALOVÁ","Slovakia","S&D"
"544","NEWTON DUNN","Bill","Bill NEWTON DUNN","United Kingdom","ALDE/ADLE"
"545","NEYNSKY","Nadezhda","Nadezhda NEYNSKY","Bulgaria","EPP"
"546","NEYTS-UYTTEBROECK","Annemie","Annemie NEYTS-UYTTEBROECK","Belgium","ALDE/ADLE"
"547","NICHOLSON","James","James NICHOLSON","United Kingdom","ECR"
"548","NICOLAI","Norica","Norica NICOLAI","Romania","ALDE/ADLE"
"549","NICULESCU","Rareş-Lucian","Rareş-Lucian NICULESCU","Romania","EPP"
"550","NIEBLER","Angelika","Angelika NIEBLER","Germany","EPP"
"551","NILSSON","Jens","Jens NILSSON","Sweden","S&D"
"552","NISTELROOIJ","Lambert van","Lambert van NISTELROOIJ","Netherlands","EPP"
"553","NITRAS","Sławomir","Sławomir NITRAS","Poland","EPP"
"554","NUTTALL","Paul","Paul NUTTALL","United Kingdom","EFD"
"555","OBERMAYR","Franz","Franz OBERMAYR","Austria","NI"
"556","OBIOLS","Raimon","Raimon OBIOLS","Spain","S&D"
"557","OJULAND","Kristiina","Kristiina OJULAND","Estonia","ALDE/ADLE"
"558","OLBRYCHT","Jan","Jan OLBRYCHT","Poland","EPP"
"559","OLEJNICZAK","Wojciech Michał","Wojciech Michał OLEJNICZAK","Poland","S&D"
"560","OMARJEE","Younous","Younous OMARJEE","France","GUE-NGL"
"561","OOMEN-RUIJTEN","Ria","Ria OOMEN-RUIJTEN","Netherlands","EPP"
"562","ORTIZ VILELLA","Eva","Eva ORTIZ VILELLA","Spain","EPP"
"563","OUZKÝ","Miroslav","Miroslav OUZKÝ","Czech Republic","ECR"
"564","OVIIR","Siiri","Siiri OVIIR","Estonia","ALDE/ADLE"
"565","PÖTTERING","Hans-Gert","Hans-Gert PÖTTERING","Germany","EPP"
"566","PAŠKA","Jaroslav","Jaroslav PAŠKA","Slovakia","EFD"
"567","PACK","Doris","Doris PACK","Germany","EPP"
"568","PADAR","Ivari","Ivari PADAR","Estonia","S&D"
"569","PAFILIS","Athanasios","Athanasios PAFILIS","Greece","GUE-NGL"
"570","PAKARINEN","Riikka","Riikka PAKARINEN","Finland","ALDE/ADLE"
"571","PAKSAS","Rolandas","Rolandas PAKSAS","Lithuania","EFD"
"572","PALECKIS","Justas Vincas","Justas Vincas PALECKIS","Lithuania","S&D"
"573","PALIADELI","Chrysoula","Chrysoula PALIADELI","Greece","S&D"
"574","PALLONE","Alfredo","Alfredo PALLONE","Italy","EPP"
"575","PANAYOTOV","Vladko Todorov","Vladko Todorov PANAYOTOV","Bulgaria","ALDE/ADLE"
"576","PANAYOTOVA","Monika","Monika PANAYOTOVA","Bulgaria","EPP"
"577","PANZERI","Pier Antonio","Pier Antonio PANZERI","Italy","S&D"
"578","PAPADOPOULOU","Antigoni","Antigoni PAPADOPOULOU","Cyprus","S&D"
"579","PAPAKONSTANTINOU","Giorgos","Giorgos PAPAKONSTANTINOU","Greece","S&D"
"580","PAPANIKOLAOU","Georgios","Georgios PAPANIKOLAOU","Greece","EPP"
"581","PAPASTAMKOS","Georgios","Georgios PAPASTAMKOS","Greece","EPP"
"582","PARGNEAUX","Gilles","Gilles PARGNEAUX","France","S&D"
"583","PARVANOVA","Antonyia","Antonyia PARVANOVA","Bulgaria","ALDE/ADLE"
"584","PATRÃO NEVES","Maria do Céu","Maria do Céu PATRÃO NEVES","Portugal","EPP"
"585","PATRICIELLO","Aldo","Aldo PATRICIELLO","Italy","EPP"
"586","PAULSEN","Marit","Marit PAULSEN","Sweden","ALDE/ADLE"
"587","PEILLON","Vincent","Vincent PEILLON","France","S&D"
"588","PERELLÓ RODRÍGUEZ","Andrés","Andrés PERELLÓ RODRÍGUEZ","Spain","S&D"
"589","PETERLE","Alojz","Alojz PETERLE","Slovenia","EPP"
"590","PETROVIĆ JAKOVINA","Sandra","Sandra PETROVIĆ JAKOVINA","Croatia","S&D"
"591","PICULA","Tonino","Tonino PICULA","Croatia","S&D"
"592","PIEPER","Markus","Markus PIEPER","Germany","EPP"
"593","PIETIKÄINEN","Sirpa","Sirpa PIETIKÄINEN","Finland","EPP"
"594","PIOTROWSKI","Mirosław","Mirosław PIOTROWSKI","Poland","ECR"
"595","PIRILLO","Mario","Mario PIRILLO","Italy","S&D"
"596","PIRKER","Hubert","Hubert PIRKER","Austria","EPP"
"597","PITSILLIDES","Andreas","Andreas PITSILLIDES","Cyprus","EPP"
"598","PITTELLA","Gianni","Gianni PITTELLA","Italy","S&D"
"599","PLENKOVIĆ","Andrej","Andrej PLENKOVIĆ","Croatia","EPP"
"600","PLEVRIS","Athanasios","Athanasios PLEVRIS","Greece","EFD"
"601","PLUMB","Rovana","Rovana PLUMB","Romania","S&D"
"602","POC","Pavel","Pavel POC","Czech Republic","S&D"
"603","PODIMATA","Anni","Anni PODIMATA","Greece","S&D"
"604","PONGA","Maurice","Maurice PONGA","France","EPP"
"605","PORĘBA","Tomasz Piotr","Tomasz Piotr PORĘBA","Poland","ECR"
"606","PORTAS","Miguel","Miguel PORTAS","Portugal","GUE-NGL"
"607","POSSELT","Bernd","Bernd POSSELT","Germany","EPP"
"608","POUPAKIS","Konstantinos","Konstantinos POUPAKIS","Greece","EPP"
"609","PREDA","Cristian Dan","Cristian Dan PREDA","Romania","EPP"
"610","PRENDERGAST","Phil","Phil PRENDERGAST","Ireland","S&D"
"611","PRODI","Vittorio","Vittorio PRODI","Italy","S&D"
"612","PROTASIEWICZ","Jacek","Jacek PROTASIEWICZ","Poland","EPP"
"613","PROUST","Franck","Franck PROUST","France","EPP"
"614","PROVERA","Fiorello","Fiorello PROVERA","Italy","EFD"
"615","QUISTHOUDT-ROWOHL","Godelieve","Godelieve QUISTHOUDT-ROWOHL","Germany","EPP"
"616","RANGEL","Paulo","Paulo RANGEL","Portugal","EPP"
"617","RANNER","Hella","Hella RANNER","Austria","EPP"
"618","RANSDORF","Miloslav","Miloslav RANSDORF","Czech Republic","GUE-NGL"
"619","RAPKAY","Bernhard","Bernhard RAPKAY","Germany","S&D"
"620","RAPTI","Sylvana","Sylvana RAPTI","Greece","S&D"
"621","REGNER","Evelyn","Evelyn REGNER","Austria","S&D"
"622","REIMERS","Britta","Britta REIMERS","Germany","ALDE/ADLE"
"623","REMEK","Vladimír","Vladimír REMEK","Czech Republic","GUE-NGL"
"624","REPO","Mitro","Mitro REPO","Finland","S&D"
"625","REUL","Herbert","Herbert REUL","Germany","EPP"
"626","RIERA MADURELL","Teresa","Teresa RIERA MADURELL","Spain","S&D"
"627","RIES","Frédérique","Frédérique RIES","Belgium","ALDE/ADLE"
"628","RINALDI","Niccolò","Niccolò RINALDI","Italy","ALDE/ADLE"
"629","RIQUET","Dominique","Dominique RIQUET","France","EPP"
"630","RIVASI","Michèle","Michèle RIVASI","France","Greens/EFA"
"631","RIVELLINI","Crescenzio","Crescenzio RIVELLINI","Italy","EPP"
"632","ROATTA","Jean","Jean ROATTA","France","EPP"
"633","ROCHEFORT","Robert","Robert ROCHEFORT","France","ALDE/ADLE"
"634","RODUST","Ulrike","Ulrike RODUST","Germany","S&D"
"635","ROHDE","Jens","Jens ROHDE","Denmark","ALDE/ADLE"
"636","ROITHOVÁ","Zuzana","Zuzana ROITHOVÁ","Czech Republic","EPP"
"637","ROMERO LÓPEZ","Carmen","Carmen ROMERO LÓPEZ","Spain","S&D"
"638","ROMEVA RUEDA","Raül i","Raül ROMEVA i RUEDA","Spain","Greens/EFA"
"639","RONZULLI","Licia","Licia RONZULLI","Italy","EPP"
"640","ROSBACH","Anna","Anna ROSBACH","Denmark","ECR"
"641","ROSSI","Oreste","Oreste ROSSI","Italy","NI"
"642","ROTH-BEHRENDT","Dagmar","Dagmar ROTH-BEHRENDT","Germany","S&D"
"643","ROUČEK","Libor","Libor ROUČEK","Czech Republic","S&D"
"644","RUBIKS","Alfreds","Alfreds RUBIKS","Latvia","GUE-NGL"
"645","SØNDERGAARD","Søren Bo","Søren Bo SØNDERGAARD","Denmark","GUE-NGL"
"646","SÂRBU","Daciana Octavia","Daciana Octavia SÂRBU","Romania","S&D"
"647","SÓGOR","Csaba","Csaba SÓGOR","Romania","EPP"
"648","SÁNCHEZ PRESEDO","Antolín","Antolín SÁNCHEZ PRESEDO","Spain","S&D"
"649","SAÏFI","Tokia","Tokia SAÏFI","France","EPP"
"650","SALAFRANCA SÁNCHEZ-NEYRA","José Ignacio","José Ignacio SALAFRANCA SÁNCHEZ-NEYRA","Spain","EPP"
"651","SALATTO","Potito","Potito SALATTO","Italy","EPP"
"652","SALAVRAKOS","Nikolaos","Nikolaos SALAVRAKOS","Greece","EFD"
"653","SALVINI","Matteo","Matteo SALVINI","Italy","EFD"
"654","SANCHEZ-SCHMID","Marie-Thérèse","Marie-Thérèse SANCHEZ-SCHMID","France","EPP"
"655","SARGENTINI","Judith","Judith SARGENTINI","Netherlands","Greens/EFA"
"656","SARNEZ","Marielle de","Marielle de SARNEZ","France","ALDE/ADLE"
"657","SARTORI","Amalia","Amalia SARTORI","Italy","EPP"
"658","SARVAMAA","Petri","Petri SARVAMAA","Finland","EPP"
"659","SARYUSZ-WOLSKI","Jacek","Jacek SARYUSZ-WOLSKI","Poland","EPP"
"660","SASSOLI","David-Maria","David-Maria SASSOLI","Italy","S&D"
"661","SAUDARGAS","Algirdas","Algirdas SAUDARGAS","Lithuania","EPP"
"662","SAVISAAR-TOOMAST","Vilja","Vilja SAVISAAR-TOOMAST","Estonia","ALDE/ADLE"
"663","SCHÖPFLIN","György","György SCHÖPFLIN","Hungary","EPP"
"664","SCHAAKE","Marietje","Marietje SCHAAKE","Netherlands","ALDE/ADLE"
"665","SCHALDEMOSE","Christel","Christel SCHALDEMOSE","Denmark","S&D"
"666","SCHLYTER","Carl","Carl SCHLYTER","Sweden","Greens/EFA"
"667","SCHMIDT","Olle","Olle SCHMIDT","Sweden","ALDE/ADLE"
"668","SCHMITT","Pál","Pál SCHMITT","Hungary","EPP"
"669","SCHNELLHARDT","Horst","Horst SCHNELLHARDT","Germany","EPP"
"670","SCHNIEBER-JASTRAM","Birgit","Birgit SCHNIEBER-JASTRAM","Germany","EPP"
"671","SCHOLZ","Helmut","Helmut SCHOLZ","Germany","GUE-NGL"
"672","SCHROEDTER","Elisabeth","Elisabeth SCHROEDTER","Germany","Greens/EFA"
"673","SCHULZ","Martin","Martin SCHULZ","Germany","S&D"
"674","SCHULZ","Werner","Werner SCHULZ","Germany","Greens/EFA"
"675","SCHWAB","Andreas","Andreas SCHWAB","Germany","EPP"
"676","SCICLUNA","Edward","Edward SCICLUNA","Malta","S&D"
"677","SCOTTÀ","Giancarlo","Giancarlo SCOTTÀ","Italy","EFD"
"678","SCURRIA","Marco","Marco SCURRIA","Italy","EPP"
"679","SEDÓ ALABART","Salvador i","Salvador SEDÓ i ALABART","Spain","EPP"
"680","SEEBER","Richard","Richard SEEBER","Austria","EPP"
"681","SEHNALOVÁ","Olga","Olga SEHNALOVÁ","Czech Republic","S&D"
"682","SENYSZYN","Joanna","Joanna SENYSZYN","Poland","S&D"
"683","SERRACCHIANI","Debora","Debora SERRACCHIANI","Italy","S&D"
"684","SEVERIN","Adrian","Adrian SEVERIN","Romania","NI"
"685","SIEKIERSKI","Czesław Adam","Czesław Adam SIEKIERSKI","Poland","EPP"
"686","SILAGHI","Ovidiu Ioan","Ovidiu Ioan SILAGHI","Romania","ALDE/ADLE"
"687","SILVESTRIS","Sergio Paolo Francesco","Sergio Paolo Francesco SILVESTRIS","Italy","EPP"
"688","SIMON","Peter","Peter SIMON","Germany","S&D"
"689","SIMPSON","Brian","Brian SIMPSON","United Kingdom","S&D"
"690","SINCLAIRE","Nicole","Nicole SINCLAIRE","United Kingdom","NI"
"691","SIPPEL","Birgit","Birgit SIPPEL","Germany","S&D"
"692","SIWIEC","Marek","Marek SIWIEC","Poland","S&D"
"693","SKINNER","Peter","Peter SKINNER","United Kingdom","S&D"
"694","SKRZYDLEWSKA","Joanna Katarzyna","Joanna Katarzyna SKRZYDLEWSKA","Poland","EPP"
"695","SKYLAKAKIS","Theodoros","Theodoros SKYLAKAKIS","Greece","ALDE/ADLE"
"696","SMITH","Alyn","Alyn SMITH","United Kingdom","Greens/EFA"
"697","SMOLKOVÁ","Monika","Monika SMOLKOVÁ","Slovakia","S&D"
"698","SOINI","Timo","Timo SOINI","Finland","EFD"
"699","SOMMER","Renate","Renate SOMMER","Germany","EPP"
"700","SONIK","Bogusław","Bogusław SONIK","Poland","EPP"
"701","SOPHOCLEOUS","Sophocles","Sophocles SOPHOCLEOUS","Cyprus","S&D"
"702","SOSA WAGNER","Francisco","Francisco SOSA WAGNER","Spain","NI"
"703","SOULLIE","Catherine","Catherine SOULLIE","France","EPP"
"704","SOUSA","Alda","Alda SOUSA","Portugal","GUE-NGL"
"705","SPERONI","Francesco Enrico","Francesco Enrico SPERONI","Italy","EFD"
"706","STADLER","Ewald","Ewald STADLER","Austria","NI"
"707","STAES","Bart","Bart STAES","Belgium","Greens/EFA"
"708","STAVRAKAKIS","Georgios","Georgios STAVRAKAKIS","Greece","S&D"
"709","STEINRUCK","Jutta","Jutta STEINRUCK","Germany","S&D"
"710","STERCKX","Dirk","Dirk STERCKX","Belgium","ALDE/ADLE"
"711","STEVENSON","Struan","Struan STEVENSON","United Kingdom","ECR"
"712","STIER","Davor Ivo","Davor Ivo STIER","Croatia","EPP"
"713","STIHLER","Catherine","Catherine STIHLER","United Kingdom","S&D"
"714","STOEP","Daniël van der","Daniël van der STOEP","Netherlands","NI"
"715","STOLOJAN","Theodor Dumitru","Theodor Dumitru STOLOJAN","Romania","EPP"
"716","STOYANOV","Dimitar","Dimitar STOYANOV","Bulgaria","NI"
"717","STOYANOV","Emil","Emil STOYANOV","Bulgaria","EPP"
"718","STRASSER","Ernst","Ernst STRASSER","Austria","EPP"
"719","STREJČEK","Ivo","Ivo STREJČEK","Czech Republic","ECR"
"720","STRIFFLER","Michèle","Michèle STRIFFLER","France","EPP"
"721","STURDY","Robert","Robert STURDY","United Kingdom","ECR"
"722","SURJÁN","László","László SURJÁN","Hungary","EPP"
"723","SUSTA","Gianluca","Gianluca SUSTA","Italy","S&D"
"724","SVENSSON","Alf","Alf SVENSSON","Sweden","EPP"
"725","SVENSSON","Eva-Britt","Eva-Britt SVENSSON","Sweden","GUE-NGL"
"726","SWINBURNE","Kay","Kay SWINBURNE","United Kingdom","ECR"
"727","SWOBODA","Hannes","Hannes SWOBODA","Austria","S&D"
"728","SZÁJER","József","József SZÁJER","Hungary","EPP"
"729","SZEGEDI","Csanád","Csanád SZEGEDI","Hungary","NI"
"730","SZYMAŃSKI","Konrad","Konrad SZYMAŃSKI","Poland","ECR"
"731","TĂNĂSESCU","Claudiu Ciprian","Claudiu Ciprian TĂNĂSESCU","Romania","S&D"
"732","TŐKÉS","László","László TŐKÉS","Romania","EPP"
"733","TABAJDI","Csaba Sándor","Csaba Sándor TABAJDI","Hungary","S&D"
"734","TAKKULA","Hannu","Hannu TAKKULA","Finland","ALDE/ADLE"
"735","TANNOCK","Charles","Charles TANNOCK","United Kingdom","ECR"
"736","TARABELLA","Marc","Marc TARABELLA","Belgium","S&D"
"737","TARAND","Indrek","Indrek TARAND","Estonia","Greens/EFA"
"738","TATARELLA","Salvatore","Salvatore TATARELLA","Italy","EPP"
"739","TAVARES","Rui","Rui TAVARES","Portugal","Greens/EFA"
"740","TAYLOR","Keith","Keith TAYLOR","United Kingdom","Greens/EFA"
"741","TAYLOR","Rebecca","Rebecca TAYLOR","United Kingdom","ALDE/ADLE"
"742","TEIXEIRA","Nuno","Nuno TEIXEIRA","Portugal","EPP"
"743","TERHO","Sampo","Sampo TERHO","Finland","EFD"
"744","THALER","Zoran","Zoran THALER","Slovenia","S&D"
"745","THEIN","Alexandra","Alexandra THEIN","Germany","ALDE/ADLE"
"746","THEOCHAROUS","Eleni","Eleni THEOCHAROUS","Cyprus","EPP"
"747","THEURER","Michael","Michael THEURER","Germany","ALDE/ADLE"
"748","THOMAS","Isabelle","Isabelle THOMAS","France","S&D"
"749","THOMSEN","Britta","Britta THOMSEN","Denmark","S&D"
"750","THUN UND HOHENSTEIN","Róża Gräfin von","Róża Gräfin von THUN UND HOHENSTEIN","Poland","EPP"
"751","THYSSEN","Marianne","Marianne THYSSEN","Belgium","EPP"
"752","TIROLIEN","Patrice","Patrice TIROLIEN","France","S&D"
"753","TOŠENOVSKÝ","Evžen","Evžen TOŠENOVSKÝ","Czech Republic","ECR"
"754","TOIA","Patrizia","Patrizia TOIA","Italy","S&D"
"755","TOMAŠEVSKI","Valdemar","Valdemar TOMAŠEVSKI","Lithuania","ECR"
"756","TOMAŠIĆ","Ruža","Ruža TOMAŠIĆ","Croatia","ECR"
"757","TORVALDS","Nils","Nils TORVALDS","Finland","ALDE/ADLE"
"758","TOUSSAS","Georgios","Georgios TOUSSAS","Greece","GUE-NGL"
"759","TRAUTMANN","Catherine","Catherine TRAUTMANN","France","S&D"
"760","TREMATERRA","Gino","Gino TREMATERRA","Italy","EPP"
"761","TREMOPOULOS","Michail","Michail TREMOPOULOS","Greece","Greens/EFA"
"762","TREMOSA BALCELLS","Ramon i","Ramon TREMOSA i BALCELLS","Spain","ALDE/ADLE"
"763","TRIANTAPHYLLIDES","Kyriacos","Kyriacos TRIANTAPHYLLIDES","Cyprus","GUE-NGL"
"764","TRZASKOWSKI","Rafał","Rafał TRZASKOWSKI","Poland","EPP"
"765","TSOUKALAS","Ioannis A.","Ioannis A. TSOUKALAS","Greece","EPP"
"766","TURMES","Claude","Claude TURMES","Luxembourg","Greens/EFA"
"767","TURUNEN","Emilie","Emilie TURUNEN","Denmark","S&D"
"768","TZAVELA","Niki","Niki TZAVELA","Greece","EFD"
"769","UGGIAS","Giommaria","Giommaria UGGIAS","Italy","ALDE/ADLE"
"770","ULMER","Thomas","Thomas ULMER","Germany","EPP"
"771","ULVSKOG","Marita","Marita ULVSKOG","Sweden","S&D"
"772","UNGUREANU","Traian","Traian UNGUREANU","Romania","EPP"
"773","URUTCHEV","Vladimir","Vladimir URUTCHEV","Bulgaria","EPP"
"774","USPASKICH","Viktor","Viktor USPASKICH","Lithuania","ALDE/ADLE"
"775","VĂLEAN","Adina-Ioana","Adina-Ioana VĂLEAN","Romania","ALDE/ADLE"
"776","VADIM TUDOR","Corneliu","Corneliu VADIM TUDOR","Romania","NI"
"777","VAIDERE","Inese","Inese VAIDERE","Latvia","EPP"
"778","VAJGL","Ivo","Ivo VAJGL","Slovenia","ALDE/ADLE"
"779","VALJALO","Oleg","Oleg VALJALO","Croatia","S&D"
"780","VAN BREMPT","Kathleen","Kathleen VAN BREMPT","Belgium","S&D"
"781","VAN ORDEN","Geoffrey","Geoffrey VAN ORDEN","United Kingdom","ECR"
"782","VANHECKE","Frank","Frank VANHECKE","Belgium","EFD"
"783","VATTIMO","Gianni","Gianni VATTIMO","Italy","ALDE/ADLE"
"784","VAUGHAN","Derek","Derek VAUGHAN","United Kingdom","S&D"
"785","VELD","Sophia in 't","Sophia in 't VELD","Netherlands","ALDE/ADLE"
"786","VERGIAT","Marie-Christine","Marie-Christine VERGIAT","France","GUE-NGL"
"787","VERGNAUD","Bernadette","Bernadette VERGNAUD","France","S&D"
"788","VERHEYEN","Sabine","Sabine VERHEYEN","Germany","EPP"
"789","VERHOFSTADT","Guy","Guy VERHOFSTADT","Belgium","ALDE/ADLE"
"790","VIDAL-QUADRAS","Alejo","Alejo VIDAL-QUADRAS","Spain","EPP"
"791","VIGENIN","Kristian","Kristian VIGENIN","Bulgaria","S&D"
"792","VILLIERS","Philippe de","Philippe de VILLIERS","France","EFD"
"793","VITKAUSKAITE BERNARD","Justina","Justina VITKAUSKAITE BERNARD","Lithuania","ALDE/ADLE"
"794","VLASÁK","Oldřich","Oldřich VLASÁK","Czech Republic","ECR"
"795","VLASTO","Dominique","Dominique VLASTO","France","EPP"
"796","VOSS","Axel","Axel VOSS","Germany","EPP"
"797","VULJANIĆ","Nikola","Nikola VULJANIĆ","Croatia","GUE-NGL"
"798","WŁOSOWICZ","Jacek","Jacek WŁOSOWICZ","Poland","EFD"
"799","WAŁĘSA","Jarosław Leszek","Jarosław Leszek WAŁĘSA","Poland","EPP"
"800","WALLIS","Diana","Diana WALLIS","United Kingdom","ALDE/ADLE"
"801","WATSON","Sir Graham","Sir Graham WATSON","United Kingdom","ALDE/ADLE"
"802","WEBER","Henri","Henri WEBER","France","S&D"
"803","WEBER","Manfred","Manfred WEBER","Germany","EPP"
"804","WEBER","Renate","Renate WEBER","Romania","ALDE/ADLE"
"805","WEIDENHOLZER","Josef","Josef WEIDENHOLZER","Austria","S&D"
"806","WEILER","Barbara","Barbara WEILER","Germany","S&D"
"807","WEISGERBER","Anja","Anja WEISGERBER","Germany","EPP"
"808","WERTHMANN","Angelika","Angelika WERTHMANN","Austria","ALDE/ADLE"
"809","WESTLUND","Åsa","Åsa WESTLUND","Sweden","S&D"
"810","WESTPHAL","Kerstin","Kerstin WESTPHAL","Germany","S&D"
"811","WHITE","Antonio LÓPEZ-ISTÚRIZ","Antonio LÓPEZ-ISTÚRIZ WHITE","Spain","EPP"
"812","WIELAND","Rainer","Rainer WIELAND","Germany","EPP"
"813","WIKSTRÖM","Cecilia","Cecilia WIKSTRÖM","Sweden","ALDE/ADLE"
"814","WILLMOTT","Glenis","Glenis WILLMOTT","United Kingdom","S&D"
"815","WILS","Sabine","Sabine WILS","Germany","GUE-NGL"
"816","WINKLER","Hermann","Hermann WINKLER","Germany","EPP"
"817","WINKLER","Iuliu","Iuliu WINKLER","Romania","EPP"
"818","WOJCIECHOWSKI","Janusz","Janusz WOJCIECHOWSKI","Poland","ECR"
"819","WORTMANN-KOOL","Corien","Corien WORTMANN-KOOL","Netherlands","EPP"
"820","YÁÑEZ-BARNUEVO GARCÍA","Luis","Luis YÁÑEZ-BARNUEVO GARCÍA","Spain","S&D"
"821","YANNAKOUDAKIS","Marina","Marina YANNAKOUDAKIS","United Kingdom","ECR"
"822","ZÉRIBI","Karim","Karim ZÉRIBI","France","Greens/EFA"
"823","ZÁBORSKÁ","Anna","Anna ZÁBORSKÁ","Slovakia","EPP"
"824","ZĪLE","Roberts","Roberts ZĪLE","Latvia","ECR"
"825","ZAHRADIL","Jan","Jan ZAHRADIL","Czech Republic","ECR"
"826","ZALA","Boris","Boris ZALA","Slovakia","S&D"
"827","ZALBA BIDEGAIN","Pablo","Pablo ZALBA BIDEGAIN","Spain","EPP"
"828","ZALEWSKI","Paweł","Paweł ZALEWSKI","Poland","EPP"
"829","ZAMFIRESCU","Dan Dumitru","Dan Dumitru ZAMFIRESCU","Romania","NI"
"830","ZANICCHI","Iva","Iva ZANICCHI","Italy","EPP"
"831","ZANONI","Andrea","Andrea ZANONI","Italy","ALDE/ADLE"
"832","ZASADA","Artur","Artur ZASADA","Poland","EPP"
"833","ZELLER","Joachim","Joachim ZELLER","Germany","EPP"
"834","ZEMKE","Janusz Władysław","Janusz Władysław ZEMKE","Poland","S&D"
"835","ZIJLSTRA","Auke","Auke ZIJLSTRA","Netherlands","NI"
"836","ZIMMER","Gabriele","Gabriele ZIMMER","Germany","GUE-NGL"
"837","ZIOBRO","Zbigniew","Zbigniew ZIOBRO","Poland","EFD"
"838","ZUBER","Inês Cristina","Inês Cristina ZUBER","Portugal","GUE-NGL"
"839","ZVER","Milan","Milan ZVER","Slovenia","EPP"
"840","ZWIEFKA","Tadeusz","Tadeusz ZWIEFKA","Poland","EPP"
